"3utr","ensembl_transcript_id"
"GTCTGGCGCCGCCCTTCCCGCCCGTTGCTGCTGTGATCCGTAGTAATAAATTCTCAGAGGACTCAGCCTTT","ENST00000338370"
"GCCAGCAGTCAGCTCAGTCAGGGTGGTGACCAAGGACCCTGAACAAGGTGTTTGGTTCCCCGGGCCGACATCAGGACTGGAGTCCAGCCTCCCTGCAGATTCCACAGGTGCTTCCCTCACCCGTGTCCACATTTATCCTTCAGCATCCTGCCTGGAAGTCCTCTGCTGTGCCACCCAGATAGGATTCTCCTAGGCCTTCCCTCCCCCCAGGCGAGTGTGCAGCTGGGTTCTTCCTGAGCCAGCGCCGCAACCACGCGGAGCCGGAGTGTGTGTCTCACACTGACAGCAGGTTCTGATTCATTCTTTTTTCAGTGCCAGGTGGAGCTCAACAGGAAAGTCCTAGCGGATCTGGCCATCTACGAGCCAAAGACTTTCAAATCTTTGGCT","ENST00000492508"
"Sequence unavailable","ENST00000431891"
"Sequence unavailable","ENST00000467182"
"GCGAGCCAGCCGCCAAGGTTGACCTCAGCTTCGGAGCCACCTCTGGATGAACTGCCCCCAGCCCCCGCCCCATTAAAGACCCGGAAGCCTGA","ENST00000395633"
"CCTCTTGGGAGCAAGGGACCACCACGTTGCCTAAGGAGGGGTGAACCAGCCCAGGCTGGAAACGGAGCAGGTCACAATTCCCATGTTGATGAGTGATGAGATTGTGCCTAGGAATAGTGCCAGCAACAGCCTGGGCAACATAGTGAGACCACTCTCTACAAAAAAATAAAATTTGCTGGGTGTGGTGGTACAGAGACATGTAATGTCAGCTACTGAGGAGTCTGAAGCAGGGGGATCACTTTGAGCCCCCAGGAGTTTGAAGCTGCAGTGAGCTATGATGGTACCACTGCACTCTAGCCTAGGTGAGAGCAGGACCCCGTCTGACAGAATAAAGAAAGCCATGGCTGGGCAGGGTGGCTCAGGCCTGTGATCCCAGCACTTTGGGAGGCTGAGGTGGGCAGGAGATGGAGACTAGCCTGGCCAACGTGGTGAAACCCTGTCTCTACTAAAAATACAAAAATTAGCCAGGTGTGGTGGCGGGCACCTAGAATTCCAGCTACTCTGGAGG","ENST00000482352"
"TTTTCGATAAGATTGTGGAGGTCACCTTGTTGAACCTCCCATGGTACAATGAAGAGACTGAGGGTCAGAGAGGAGAAATGACTGCTCCAAAGTCTCCTAGAGCCAAAATCAGAGGGACCCTTTGTGCAGAAGGAACTCGCGGCAGGTCATCCACGGCCCGATGCAGCCTTTTCGGAAGTGACTTCGTCAACACCTTTGATGGGAGCATGTACAGCTTTGCGGGATACTGCAGTTACCTCCTGGCAGGGGGCTGCCAGAAACGCTCCTTCTCGATTATTGGGGACTTCCAGAATGGCAAGAGAGTGAGCCTCTCCGTGTATCTTGGGGAATTTTTTGACATCCATTTGTTTGTCAATGGTACCGTGACACAGGGGGACCAAAGAGTCTCCATGCCCTATGCCTCCAAAGGGCTGTATCTAGAAACTGAGGCTGGGTACTACAAGCTGTCCGGTGAGGCCTATGGCTTTGTGGCCAGGATCGATGGCAGCGGCAACTTTCAAGTCCTGCTGTCAGACAGATACTTCAACAAGACCTGCGGGCTGTGTGGCAACTTTAACATCTTTGCTGAAGATGACTTTATGACCCAAGAAGGGACCTTGACCTCGGACCCTTATGACTTTGCCAACTCATGGGCTCTGAGCAGTGGAGAACAGTGGTGTGAACGGGCATCTCCTCCCAGCAGCTCATGCAACATCTCCTCTGGGGAAATGCAGAAGGTGGGTGTGGACTGGCCTGGGTGCACCTGGATGGTGTGTGATTTCTGGATCTAAAAGACAGAAGGACTCAGTCTCATATCCTTCCATCTGGGGGAGGAATGGACTTACGCAGGGCCATTTCCTCCAAAACTAACTGTGGCTAGAGTCTAATTCTAATACATCTCGAGCCTGAAGCTC","ENST00000321023"
"GGCTGCTGCAGCTGCATGGGTGCCTGCTGCTGCCTGCCTTGGCCTGATGGCCAGGCCAGAGTGCTGCCAGTCCTCTGCATGTTCTGCTCTTGTGCCCTTCTGAGCCCACAATAAAGGCTGAGCTCTTATCTTGCAAAA","ENST00000261405"
"Sequence unavailable","ENST00000474391"
"GTCTGGCGCCGCCCTTCCCGCCCGTTGCTGCTGTGATCCGTAGTAATAAATTCTCAGAGGACTCA","ENST00000338338"
"Sequence unavailable","ENST00000492658"
"Sequence unavailable","ENST00000489799"
"Sequence unavailable","ENST00000477686"
"AGGCAGCTGCAGCCACCGCGGGGCCTCAGTGGGGGTCTCTGGGGAACACAGCCAGACATCCTGATGGGGAGGCAGAGCCAGGAAGCTAAGCCAGGGCCCAGCTGCGTCCAACCCAGCCCCCCACCTCGGGTCCCTGACCCCAGCTCGATGCCCCATCACCGCCTCTCCCTGGCTCCCAAGGGTGCAGGTGGGCGCAAGGCCCGGCCCCCATCACATGTTCCCTTGGCCTCAGAGCTGCCCCTGCTCTCCCACCACAGCCACCCAGAGGCACCCCATGAAGCTTTTTTCTCGTTCACTCCCAAACCCAAGTGTCCAAGGCTCCAGTCCTAGGAGAACAGTCCCTGGGTCAGCAGCCAGGAGGCGGTCCATAAGAATGGGGACAGTGGGCTCTGCCAGGGCTGCCGCACCTGTCCAGACACACATGTTCTGTTCCTCCTCCTCATGCATTTCCAGCCTTTCAACCCTCCCCGACTCTGCGGCTCCCCTCAGCCCCCTTGCAAGTTCATGGCCTGTCCCTCCCAGACCCCTGCTCCACTGGCCCTTCGACCAGTCCTCCCTTCTGTTCTCTCTTTCCCCGTCCTTCCTCTCTCTCTCTCTCTCTCTCTCTCTCTCTTTCTGTGTGTGTGTGTGTGTGTGTGTGTGTGTGTGTGTGTGTGTGTGTCTTGTGCTTCCTCAGACCTTTCTCGCTTCTGAGCTTGGTGGCCTGTTCCCTCCATCTCTCCGAACCTGGCTTCGCCTGTCCCTTTCACTCCACACCCTCTGGCCTTCTGCCTTGAGCTGGGACTGCTTTCTGTCTGTCCGGCCTGCACCCAGCCCCTGCCCACAAAACCCCAGGGACAGCAGTCTCCCCAGCCTGCCCTGCTCAGGCCTTGCCCCCAAACCTGTACTGTCCCGGAGGAGGTTGGGAGGTGGAGGCCCAGCATCCCGCGCAGATGACACCATCAACCGCCAGAGTCCCAGACACCGGTTTTCCTAGAAGCCCCTCACCCCCACTGGCCCACTGGTGGCTAGGTCTCCCCTTATCCTTCTGGTCCAGCGCAAGGAGGGGCTGCTTCTGAGGTCGGTGGCTGTCTTTCCATTAAAGAAACACCGTGCAACGTG","ENST00000331595"
"GTCTGGCGCCGCCCTTCCCGCCCGTTGCTGCTGTGATCCGTAGTAATAAATTCTCAGAGGACTCAGCCT","ENST00000321751"
"GGGGTGCACCCCCCACCCTATGGACCAGTCAAATAAAAGCCTTCAGGCCCCTCAA","ENST00000215565"
"Sequence unavailable","ENST00000480756"
"CCTCCAGCTCGGAGGACTTGTGTTCAGGGGTCCTGGGCCCCGGGCGAGGTCCCGCCCTCCCGTGGTCACTGGCTCCGCCCCCAGCACCAGGCGCCCAGTGGAGCCGTTTGGGAGAATTGCCTGCGCCACGCAGCGGGGCCGGACAGGCCGCACAGACCTACTGTGGCGGGAGGGAGGGGCGGCTGCTGCCTGGTGACGGCACCCGGAGGCCCACCAGGACGCGCCACCGGTGAATGTGCCTCTGGTGGCTGCTGAGAAAAATACACTGTGCAGCTCA","ENST00000333676"
"TGAAGCCTGACTCAGCTAATGTCACAACATGGTGCTACTTCTTCTTCTTTTTGTTAACAGCAACGAACCCTAGAAATATATCCTGTGTACCTCACTGTCCAATATGAAAACCGTAAAGTGCCTTATAGGAATTTGCGTAACTAACACACCCTGCTTCATTGACCTCTACTTGCTGAAGGAGAAAAAGACAGCGATAAGCTTTCAATAGTGGCATACCAAATGGCACTTTTGATGAAATAAAATATCAATATTTTCTGCAATCCAATGCACTGATGTGTGAAGTGAGAACTCCATCAGAAAACCAAAGGGTGCTAGGAGGTGTGGGTGCCTTCCATACTGTTTGCCCATTTTCATTCTTGTATTATAATTAATTTTCTACCCCCAGAGATAAATGTTTGTTTATATCACTGTCTAGCTGTTTCAAAATTTAGGTCCCTTGGTCTGTACAAATAATAGCAATGTAAAAATGGTTTTTTGAACCTCCAAATGGAATTACAGACTCAGTAGCCATATCTTCCAACCCCCCAGTATAAATTTCTGTCTTTCTGCTATGTGTGGTACTTTGCAGCTGCTTTTGCAGAAATCACAATTTTCCTGTGGAATAAAGATGGTCCAAAAATAGTCAAAAATTAAATATATATATATATTAGTAATTTATATAGATGTCAGCAATTAGGCAGATCAAGGTTTAGTTTAACTTCCACTGTTAAAATAAAGCTTACATAGTTTTCTTCCTTTGAAAGACTGTGCTGTCCTTTAACATAGGTTTTTAAAGACTAGGATATTGAATGTGAAACATCCGTTTTCATTGTTCACTTCTAAACCAAAAATTATGTGTTGCCAAAACCAAACCCAGGTTCATGAATATGGTGTCTATTATAGTGAAACATGTACTTTGAGCTTATTGTTTTTATTCTGTATTAAATATTTTCAGGGTTTTAAACACTAATCACAAACTGAATGACTTGACTTCAAAAGCAACAACCTTAAAGGCCGTCATTTCATTAGTATTCCTCATTCTGCATCCTGGCTTGAAAAACAGCTCTGTTGAATCACAGTATCAGTATTTTCACACGTAAGCACATTCGGGCCATTTCCGTGGTTTCTCATGAGCTGTGTTCACAGACCTCAGCAGGGCATCGCATGGACCGCAGGAGGGCAGATTCGGACCACTAGGCCTGAAATGACATTTCACTAAAAGTCTCCAAAACATTTCTAAGACTACTAAGGCCTTTTATGTAATTTCTTTAAATGTGTATTTCTTAAGAATTCAAATTTGTAATAAAACTATTTGTATAAAAATTAAGCTTTTATTAATTTGTTGCTAGTATTGCCACAGACGCATTAAAAGAAACTTACTGCACAAGCTGCTAATAAATTTGTAAGCTTTGCATACCTTA","ENST00000375820"
"GTCTGGCGCCGCCCTTCCCGCCCGTTGCTGCTGTGATCCGTAGTAATAAATTCTCAGAGGACTC","ENST00000378853"
"GGACTGTTGCTGTATTGATTAGGAAAAGAGACAGAGTAATTTGCAGTTTGTTTGATTTATACTTTTGTTTATCTACAACCCAATAACAGACATGAGGGATGGCCCTGTCTCTCTGGGACAGAGCCTCACAGATGATGTCCATGTTTTGTGTGAATGAAACTCAAACACTCTTCA","ENST00000344843"
"Sequence unavailable","ENST00000472615"
"Sequence unavailable","ENST00000487659"
"GCGGTGCGTACCCGGTGTCCCGAGGCCCGGCCAGGGGCTGGGCAGGGATGCCAGGTGGGCCCAGCCAGCTCCTGGGGTCCCGGCCACCTGGGGAAGCCGCGCCTGCCAAGGAGGCCACCAGAGGGCAGTGCAGGCTTCTGCCTGGGCCCCAGGCCCTGCCTGTGTTGAAAGCTCTGGGGACTGGGCCAGGGAAGCTCCTCCTCAGCTTTGAGCTGTGGCTGCCACCCATGGGGCTCTCCTTCCGCCTCTCAAGATCCCCCCAGCCTGACGGGCCGCTTACCATCCCCTCTGCCCTGCAGAGCCAGCCGCCAAGGTTGACCTCAGCTTCGGAGCCACCTCTGGATGAACTGCCCCCAGCCCCCGCCCCATTAAAGACCCGGAAGCCTGA","ENST00000215375"
"Sequence unavailable","ENST00000647632"
"AAAACAACTATATTGAGGTTTGAAAATAAATAATAATTTAGTAAAAACTTTA","ENST00000648966"
"Sequence unavailable","ENST00000540192"
"Sequence unavailable","ENST00000615732"
"Sequence unavailable","ENST00000590265"
"Sequence unavailable","ENST00000649738"
"Sequence unavailable","ENST00000589478"
"Sequence unavailable","ENST00000588538"
"AATATCCGGATCACATTGACATGAAACCTTTCAATGGAACAAAATACCAGCTTCTTAGCTTTTGTAGTTTGTTTTAAAAGAATCCACTAAATAGAAGAGCATAATAATAATCTTGAATTTTGAAGGACATTATTTTCTTGCATATAATGACTTCTGTTTCTGAAGTTTTGAAATCTCAAGGCATTGTTCCTCTCGTATTTTCTTTGTTCTTCTGAGCTTTGCGAGCATGGACTGGTTTCCACAATTCCTTTCATTCCTTTTTTTCTTTTTGTAAGATATTGAAAGTCAAATTTCAGAATTATTCATTTCTGATGTAGCCCTTCAAATTTTTTAATTTTTAAAGATATTGCTGGAAGCTTCTACAAAAGAAAACCAGGGCAAAAGCGAGTTGAAATAGCAATGACCCAGCTGGAATTCAGCAATCATTTTCTGCTTTTGAAGTTAGATCTTGGGCTTTTGCTCTCCAGAACTTCCCTGGTGCCTGGGGAGCTGAGTTAGAAGTTGCAATTGTTTAAGATATATCTAAATAAATTAGAAGTTCAAATAACTGGGTAGCCCTGACTGTAGTGGGGATCAAAGACAGAAGAACTTTGAAGGAAGCAGAAAAGGACGTTTTTAACCTCTATGCACCGCTTCATCTCCTGGGCTTTCCTGGTGGACTTCCTGCCTCAACTCTGGCTGAAACTCAGTCTAGACATATCTAATAAAAGACGGAAAAAGAGGAAAGAGGTGAGAAAGAAGGAATATTGAGGAAAGATCATAATATAGAAGAAAAGAAAGAAAACATACAACCCCAATTCTACTCCTTATGCCTTCATCAGGAGCTCCTTTCTTTCCGGAGTTGGAAAAAGTCTCTAAAAATAAATTTATGGGTAAATAATTCAA","ENST00000543140"
"CAGCTTCCCCAACTTCCTGGCCTGCAAGCAGGAGCGGCACGACTGGGACTACTGCGAGCACCGCGACTATGTGATGCGCATGAAGGAGTTTGAGCGGGAGCGGAGGCTGCTCCAGCGGAAGAAGCGGCGGGAGAAGAAGGCGGCAGAGTTGGCCAAAGGCCAGGGACCCGGGGAAGTGGACCCCAAGGTGGCCCTGTAGGGGGTGCACCCCCCACCCTATGGACCAGTCAAATAAAAGCCTTCAGGCCCCTCAA","ENST00000593353"
"Sequence unavailable","ENST00000493287"
"ATATATCTCCAGCTGTTGCTGAATGTCTCCTGGCGGGGGGTGGGGGGTGCAGACTCACCCTGGATGGAATACCGCTGAACTAACCCCATCTTCTATAGCTAATAAAAGACAAATAACAGGA","ENST00000648989"
"Sequence unavailable","ENST00000539641"
"ATTGGACAGTAAGTACTACATTAACAGTAACCGAATAATCAGCAATTCAGGTGAAAGCCTTATTACTGTTTTGATAATTTCCCCAGAGCAATACAAATGAAGCCAAACCAGGCTTGACATTACTTCTGAGTAGTAATATTATTATAATAGCTCTTCTCCAAAGAATGTAATAGTATGTGGCAATTAATGTAGAAAAACATATTTGGTTTATTTTCCTTTTTGACTCTTGGTAGAAAATCTGTTGAATCTATCGTACTTTTTCGAATTGATGTATAAGAACTAATTTTAACATTTTTCCGGAAAAAGAAACTAGTTCCTATTCTACTTGAGGACCTTCTCTTCAAATTAGTATTTTTAAACCATCTTTTAATCCATCACATGCTTGTCTAGATTTATTTATAAAAATATTGCTTGGGAAACTTAGTGTTTCCCAAATGTAAAATTAAAATGTATTTCTTTGCAAGCAAACTGTTCCCCTCCCTTTCATTTAAGAACCAGGGCTCCAGATAAAGATAAGTTTCTCTGGAAGGCAAGTTGAATCTGTGCATTTCAGTTGGTTGGAAAGAGGGTGCCTGGCTGTTTTTTTATCCAGAAAACAGTGCAGCATCCTGGTACTGTCTGTGGGTCACCGTGGAAACCAGGTGTGGCTGTGAGGAAATGCCACCACCTTAAGCCACTCAGCCTTTGGTGCAGGTGCGCACAGCAGGTTGGGACCCTGTAGAATGGAGTGGATACTCTGTAGGATACTGTTTCCAGAAAGCTGAAGGTGTCATTCTGGCTAGCGTGTGAATTCTTACTTCCCTCCCCGGCATGCCAGAGGTTTTATGGGGCCACAGACTGATGCTTTCGAAATTCAGCAAATTCTAGTTTACAGAAAATTCTGTGGTTTCTTTTTGACTATTTGCTGAAATGCCAACATTATTATTTTAAAAAATATGCCTGATAGGTGATGGCACTAGTGTTACCTGGATAGTTTTTGAATGAATGGAGTATGTAAGGAAAGTTTCACATCTTTTCATATCAACTCTAATTTATCTTCATGCTCTGCTCTCTTACTTTGGATTTTTCTAGCGATTTCCAGTGTGCATGCTCAAGAGTTATTTTAAAGTAGACGCAAGTGTTTCTCATGCCACAGACATTTTGTTAAAAACCTAACTTGAAATATACAAGTGAGTTCACCAAACTCATAAAAATGTCCTTAAAATGATAAAATGGAGAACTTTGGGGTCCCAACAAAGAGGAATTAAGGCCTGGATCATGATTACCTCTGTTTTCCATGTGACTTTGAAAGCAGCAGGGCTGGAGCCAAGTTGGCCCTGCTCCCTCCTAGGGACAGCAGGGTTGATGTCCACCTCCATTTCCATTTGCTTCTGTCCAGCCGGCAGGCCTTGGCGGCCCCTCCTGGCTCTGGAGCTTTACATACTTTCTTATTCTATCCGCATCTATAAACTTATATATATTTTTTAGGCCAGGCATGGTGGGTCACGCCTGTAATCCTAGCAGTTTGGGAGGCTGAGGCAGGAGGATCACTGGAAGTCAGGAGTTTGAGACCATCCTGGCCAACACGGTGAAACTCAGTCTCTACTAAAAGTACAAAAATTAGCCCAGCGTGGTGGCACACACCTCTAGTCCCAGCTGCTCAGGAGGTTGAGACAGGAGAATTGCTTGAACCCAGGAGGCGGAGGTTGCAGTGAGCCAAGAACACACCATTGCACTCTAGCCTAGGCGACAGAGCAAGGCTCTAACTCAAAACCAAAAACCAAAAACCAAAAAACTTGTAACTTTTTTAACGTAATTTATTTCAGTTTTTCCCAAAAA","ENST00000648695"
"Sequence unavailable","ENST00000649720"
"Sequence unavailable","ENST00000648170"
"Sequence unavailable","ENST00000545906"
"Sequence unavailable","ENST00000538635"
"TTTTCGATAAGATTGTGGAGGTCACCTTGTTGAACCTCCCATGGTACAATGAAGAGACTGAGGGTCAGAGAGGAGAAATGACTGCTCCAAAGTCTCCTAGAGCCAAAATCAGAGGGACCCTTTGTGCAGAAGGAACTCGCGGCAGGTCATCCACGGCCCGATGCAGCCTTTTCGGAAGTGACTTCGTCAACACCTTTGATGGGAGCATGTACAGCTTTGCGGGATACTGCAGTTACCTCCTGGCAGGGGGCTGCCAGAAACGCTCCTTCTCGATTA","ENST00000538563"
"ATCATTATGAACATGTGCCACCTCACCCTCCCAGTTCGCATCTGAACTCATTTCTTTCTCATGCATTCTAGGGCCCACCAGGACTGCCAGGGCTTCAAGGTCCTGTTGGGCCTCCAGGATTTACCGGACCACCAGTAAGTTTTGGGGGCTGTCTCTCCGAGGCAATCATTTAAAAAACAACTATATTGAGGTTTGAAAATAAATAATAATTTAGTAAAAACTTTA","ENST00000649484"
"Sequence unavailable","ENST00000650138"
"AGGCCCTGGAGTAGGCGAGCCAGCCGCCAAGGTTGACCTCAGCTTCGGAGCCACCTCTGGATGAACTGCCCCCAGCCCCCGCCCCATTAAAGACCCGGAAGCCTGA","ENST00000591249"
"Sequence unavailable","ENST00000496905"
"Sequence unavailable","ENST00000614837"
"Sequence unavailable","ENST00000592624"
"TAGTCCCCCACAGCCAGAGTGTAATAGAAAGGCGTGGATTCTTCTAATCATCCATATTCCTCTAAGGGAATCTTCAGAGAATGAACCATGCTACAAAAAGCAATAGTTAAAATTTCAAAATAAAGCTGGTTTAACGGAGTAAATAACACGTTAACCACCTCTGAGACTCCTGGCATCTAAAGTTAAAAAGCAAAACTGTTGAGTTATGTAATTTTTATTGAAAACAGAATGCATTCTTCTTCATCTAGAGATACAAATGAATACTAGGACACACACACACACACACACACACACACACACACACACACCCCAGAAACAAGGAAGACAGGATTACATGGGTAAAGATTACATTAGTAAAGTCCAGAAAAGCCAGCTTTTATTCCAGAAAAGGTGAACATGTAACATGGAAGTCTTGACTCAATTAAGATGGCCGTGTGGTCCCAATACAATACCAAAGCAAATTCGAAGAAAATCTCCAAGGATTTAAGCCAACCTGTGCAATGGGAGTGTGTTCAGATACCTGGAGCCAGCCTTTGGAACCTGCTGGATCAAAACCAACGTGTGCTCTGTGGGGCCCCTGAAACACGAATCCTCTGTGGGGTTGATTGAGAAAGGATTCACAGGCTTCAAGTCCCAGCAAGATTTATTTGCTAGAATTCAAGCAAATCTTTACGAAAGGGAGTTCTCATGGATGAGGCCACTGTTGGGGGCTGGGCCAGGACTAGATGGAGCCATGGATTCCAGCCTGGCAGCTTCGATGGGGAATGTGATCTACATGAATTTGGGTAGGAGAAAGAACAGATCATGTGTGACTTTGGGGAACTTTTCTCCTCTGCTCTTGTGATTGTGT","ENST00000647797"
"Sequence unavailable","ENST00000621700"
"Sequence unavailable","ENST00000612016"
"GCGATCCCCCCAGCCTGACGGGCCGCTTACCATCCCCTCTGCCCTGCAGAGCCAGCCGCCAAGGTTGACCTCAGCTTCGGAGCCACCTCTGGATGAACT","ENST00000591660"
"TCTGAGGGAGTCGGGCCAGCTGAAGACACGGCTCAGAATATCCGAAGTCTTGAGCAAGTTCCTTTCCTCTTACTGACTCTGTGGCGGACCCACTGCGCCCCAGGCCACCTGCCAAGGACAGCAAGCCTTCTGAAGCCTTTCTCTAACGGGTCGGGACGGGGAGGACTGCTGGAGGACCACAAAGAAATGAGCCTACTCCTCTGGGGCCCTGGGCAGACCTCCCAGTTCCTGTTCTACAGGAGTCAACGTGGGCCTCCAGCCCGGTTCAACAACTAACCCACAGCGAGCCCCTGTGTGTGACAAGGGGCAGGTCAGCCAGTCAGCAGCCACTCCTGCCCCATTGTCCCCTCCTGAGACAGGTTAGGGGTGCCCAGCCCATCAAAATATGCATCCCACCCCATTCTGGATTGCTTTTCCCTGTGCATTAGGAATAAAACCTCTCTAAGGGGAAGGCATTTTGAAGTAAGCCTGTTTCAGGCCTGTGAGAGGTCTGCAGAAACACCCCCAGCGTGAGCACTGGGTCACCCCACAGCCCCTGCCTTTCGGAAATCCTGGTGTAGAGTCCGCTCCACAAGGAGCTCCTTCCTCTGTTTGAAGGCTGGTCGTCTTCACTGTGTCTCCGCGATTACCCAGGACGTGGGCATGGCCATGCTTCTCACACGTCCTCTCTTTGACTCAGGATCATCGACTTGTGCCTCTGCCTCCTCCACATCTGGAAGAGGCATCTTCTTTTCCCTTTTCACAGGCTACTTAGAGCTGGAGAGGGATTGTGTCTGTCAATCCTTAGATACATGATTAATTAATCAACGCATGTTTTTCAGTTGTTACTTTGCTGGGCACTTTGAGAGATGCAAAATGAGCACTCTTAGTATATTTCTCTCAAGGACATACAAAATAAGAAGAAAAATATTATCTGTAAGGAATACCATAAATCTAATACCTAAATACAAGAAGAGAAGAGGACAGATTTTCCAGTCTGTTGAATTAGATGTGCCATTTTACATTGATTGTTTTTTATTAGCTCCCATTGCCAGAGACATTGCAATGTCTACGTGATAAGGAGTTTAGGCTTGAGCTTGCATGCTGGTTTTAAACACATCATCTACAACATTCTAGTCGTTTTTGTGCTATATTGTAACAATTGTCAAAGTGCCTTAGAATCTAACATTACCTTTAAGGTATGGGACTCACTTTTTCCTAAGATCATAAATTTAGGGTATTTTCATAGTTGTAATTAAATCTTAGATGAAATTCCTTTTTGAGACAGGGACTGTACTTTATTTGTATTTTTGGAGAATTCAATAATCTTCAATTTATAAATATATTTATTTCCATGATCTTTCCTCTAATTTACACATGGGTAACAATAGACATAGTTTTAGCCATGTTTTCATTATGAAATTAAAATATACAAGGACAGAGTGCTTTAAATATTCCACCATATAGATAGATGGACTGGCTCTTCTCCTGTTATTCCTTGTTATTCCTAGTATCTGTGTAGAATATATTTGCATCTCCAGTAATTATTAAAGAATAATAATTACCTTCT","ENST00000650115"
"TGAAGCCTGACTCAGCTAATGTCACAACATGGTGCTACTTCTTCTTCTTTTTGTTAACAGCAACGAACCCTAGAAATATATCCTGTGTACCTCACTGTCCAATATGAAAACCGTAAAGTGCCTTATAGGAATTTGCGTAACTAACACACCCTGCTTCATTGACCTCTACTTGCTGAAGGAGAAAAAGACAGCGATAAGCTTTCAATAGTGGCATACCAAATGGCACTTTTGATGAAATAAAATATCAATATTTTCTGCAATCCAATGCACTGATGTGTGAAGTGAGAACTCCATCAGAAAACCAAAGGGTGCTAGGAGGTGTGGGTGCCTTCCATACTGTTTGCCCATTTTCATTCTTGTATTATAATTAATTTTCTACCCCCAGAGATAAATGTTTGTTTATATCACTGTCTAGCTGTTTCAAAATTTAGGTCCCTTGGTCTGTACAAATAATAGCAATGTAAAAATGGTTTTTTGAACCTCCAAATGGAATTACAGACTCAGTAGCCATATCTTCCAACCCCCCAGTATAAATTTCTGTCTTTCTGCTATGTGTGGTACTTTGCAGCTGCTTTTGCAGAAATCACAATTTTCCTGTGGAATAAAGATGGTCCAAAAATAGTCAAAAATTAAATATATATATATATTAGTAATTTATATAGATGTCAGCAATTAGGCAGATCAAGGTTTAGTTTAACTTCCACTGTTAAAATAAAGCTTACATAGTTTTCTTCCTTTGAAAGACTGTGCTGTCCTTTAACATAGGTTTTTAAAGACTAGGATATTGAATGTGAAACATCCGTTTTCATTGTTCACTTCTAAACCAAAAATTATGTGTTGCCAAAACCAAACCCAGGTTCATGAATATGGTGTCTATTATAGTGAAACATGTACTTTGAGCTTATTGTTTTTATTCTGTATTAAATATTTTCAGGGTTTTAAACACTAATCACAAACTGAATGACTTGACTTCAAAAGCAACAACCTTAAAGGCCGTCATTTCATTAGTATTCCTCATTCTGCATCCTGGCTTGAAAAACAGCTCTGTTGAATCACAGTATCAGTATTTTCACACGTAAGCACATTCGGGCCATTTCCGTGGTTTCTCATGAGCTGTGTTCACAGACCTCAGCAGGGCATCGCATGGACCGCAGGAGGGCAGATTCGGACCACTAGGCCTGAAATGACATTTCACTAAAAGTCTCCAAAACATTTCTAAGACTACTAAGGCCTTTTATGTAATTTCTTTAAA","ENST00000650424"
"TCTGAGGGAGTCGGGCCAGCTGAAGACACGGCTCAGAATATCCGAAGTCTTGAGCAAGTTCCTTTCCTCTTACTGACTCTGTGGCGGACCCACTGCGCCCCAGGCCACCTGCCAAGGACAGCAAGCCTTCTGAAGCCTTTCTCTAACGGGTCGGGACGGGGAGGACTGCTGGAGGACCACAAAGAAATGAGCCTACTCCTCTGGGGCCCTGGGCAGACCTCCCAGTTCCTGTTCTACAGGAGTCAACGTGGGCCTCCAGCCCGGTTCAACAACTAACCCACAGCGAGCCCCTGTGTGTGACAAGGGGCAGGTCAGCCAGTCAGCAGCCACTCCTGCCCCATTGTCCCCTCCTGAGACAGGTTAGGGGTGCCCAGCCCATCAAAATATGCATCCCACCCCATTCTGGATTGCTTTTCCCTGTGCATTAGGAATAAAACCTCTCTAAGGGGAAGGCATTTTGAAGTAAGCCTGTTTCAGGCCTGTGAGAGGTCTGCAGAAACACCCCCAGCGTGAGCACTGGGTCACCCCACAGCCCCTGCCTTTCGGAAATCCTGGTGTAGAGTCCGCTCCACAAGGAGCTCCTTCCTCTGTTTGAAGGCTGGTCGTCTTCACTGTGTCTCCGCGATTACCCAGGACGTGGGCATGGCCATGCTTCTCACACGTCCTCTCTTTGACTCAGGATCATCGACTTGTGCCTCTGCCTCCTCCACATCTGGAAGAGGCATCTTCTTTTCCCTTTTCACAGGCTACTTAGAGCTGGAGAGGGATTGTGTCTGTCAATCCTTAGATACATGATTAATTAATCAACGCATGTTTTTCAGTTGTTACTTTGCTGGGCACTTTGAGAGATGCAAAATGAGCACTCTTAGTATATTTCTCTCAAGGACATACAAAATAAGAAGAAAAATATTATCTGTAAGGAATACCATAAATCTAATACCTAAATACAAGAAGAGAAGAGGACAGATTTTCCAGTCTGTTGAATTAGATGTGCCATTTTACATTGATTGTTTTTTATTAGCTCCCATTGCCAGAGACATTGCAATGTCTACGTGATAAGGAGTTTAGGCTTGAGCTTGCATGCTGGTTTTAAACACATCATCTACAACATTCTAGTCGTTTTTGTGCTATATTGTAACAATTGTCAAAGTGCCTTAGAATCTAACATTACCTTTAAGGTATGGGACTCACTTTTTCCTAAGATCATAAATTTAGGGTATTTTCATAGTTGTAATTAAATCTTAGATGAAATTCCTTTTTGAGACAGGGACTGTACTTTATTTGTATTTTTGGAGAATTCAATAATCTTCAATTTATAAATATATTTATTTCCATGATCTTTCCTCTAATTTACACATGGGTAACAATAGACATAGTTTTAGCCATGTTTTCATTATGAAATTAAAATATACAAGGACAGAGTGCTTTAAATATTCCACCATATAGATAGATGGACTGGCTCTTCTCCTGTTATTCCTTGTTATTCCTAGTATCTGTGTAGAATATATTTGCATCTCCAGTAATTATTAAAGAATAATAATTA","ENST00000650566"
